الرقم الجامعي,الاسم,الاسم بالانجليزي,الكلية,الدرجة العلمية,المسمى الوظيفي,البريد الالكتروني
1000282,بركه محمد كبير,Barka Mohammed Kabier Barka,كلية الدراسات الزراعية,دكتوراة,استاذ,barakamohamed@sustech.edu
1000293,محمد حسن موسي تبيدي,Mohamed Hassan Musa Tabidi,كلية الدراسات الزراعية,دكتوراة,استاذ,mohamedtabidi@sustech.edu
1000306,فاطمة عمر نبق,Fatima Omer Nabag,كلية الدراسات الزراعية,دكتوراة,استاذ,Fatima.Omer@sustech.edu
1000338,سامية عثمان يعقوب,Samia Osman Yagoub Ali,كلية الدراسات الزراعية,دكتوراة,استاذ,samia.ali@sustech.edu
1000984,سيف الدين محمد الأمين طه,Saif Eldin Mohmamed Elamin Taha,كلية الدراسات الزراعية,دكتوراة,استاذ,saif@sustech.edu
1001015,عباس الشيخ رحمة,Abbas Elshaikh Rahma Mohamed,كلية الدراسات الزراعية,دكتوراة,استاذ,abbaselshaikh@sustech.edu
1001381,النجومى عبدالقادر عمر,Elnougomi Abdelgadir Omer Masad,كلية الدراسات الزراعية,دكتوراة,استاذ,elnougomiabdelgadir@sustech.edu
1001398,عبدالله نور الدين عثمان,AbdelAllah Noor Aldin Osman kheiry,كلية الدراسات الزراعية,دكتوراة,استاذ,abdeallahkheiry@sustech.edu
1001586,يس محمد ابراهيم دقش,Yassin Mohamed Ibrahim Dagash,كلية الدراسات الزراعية,دكتوراة,استاذ,yasin.dagash@sustech.edu
1000056,عبد السلام كامل عبد السلام,Abdalsalam Kamil Abdalsalam,كلية الدراسات الزراعية,دكتوراة,استاذ مشارك,Abdalsalam.Kamil@sustech.edu
1000279,اماني حمد الطيب,Amani Hamad Eltayeb Hamed,كلية الدراسات الزراعية,دكتوراة,استاذ مشارك,amanieltayeb@sustech.edu
1000281,سلمى الغالي مصطفى,Salma Elghali Mustafa Alsheikh,كلية الدراسات الزراعية,دكتوراة,استاذ مشارك,salma.elghali@sustech.edu
1000289,اشواق احمد محمد,Ashwag Ahmed Mohamed Suliman,كلية الدراسات الزراعية,دكتوراة,استاذ مشارك,ashwagahmed@sustech.edu
1000298,مواهب احمد الصديق,Mawahib Ahmed El siddig,كلية الدراسات الزراعية,دكتوراة,استاذ مشارك,mawahibahmed@sustech.edu
1000302,بهاقيل  طيفور بهاقيل,Bhageil Taifour Bhagiel,كلية الدراسات الزراعية,دكتوراة,استاذ مشارك,bhageiltaifour@sustech.edu
1000332,عبدالباقى السيد على,Abdel Bagi Elsayed Ali ,كلية الدراسات الزراعية,دكتوراة,استاذ مشارك,abdelbagielsayed@sustech.edu
1001340,اخلاص حسين محمد احمد,Ekhlas Hussein Mohamed Ahmed ,كلية الدراسات الزراعية,دكتوراة,استاذ مشارك,ekhlashussein@sustech.edu
1001396,عمران موسى عباس,Omran Musa Abas El Imam ,كلية الدراسات الزراعية,دكتوراة,استاذ مشارك,omranmusa@sustech.edu
1009671,لمياء احمد الحسن طه,Lamia Ahmed Alhassan Taha,كلية الدراسات الزراعية,دكتوراة,استاذ مشارك,lamia@sustech.edu 
1010048,جمال تاج السر الشيخ الفكى,Jamal Tagalsir Alsheikh Alfaki,كلية الدراسات الزراعية,دكتوراة,استاذ مشارك,jamal.elfaki@sustech.edu
1010052,نجلاء محمد بشير ابو,Najal Mohammed Basheir Abu,كلية الدراسات الزراعية,دكتوراة,استاذ مشارك,najal.mohammed@sustech.edu
1000049,لؤى محمد الامين احمد,Loai Mohamed Elamin Ahmed Elawad,كلية الدراسات الزراعية,دكتوراة,استاذ مساعد,Loai.Mohamed@sustech.edu
1000051,مها فضل محمد,Maha Fadul Mohammed Albalola,كلية الدراسات الزراعية,دكتوراة,استاذ مساعد,mahafadul@sustech.edu
1000264,اميمة بشير خالد,Omeima Bashir Khalid Elbashir,كلية الدراسات الزراعية,دكتوراة,استاذ مساعد,omeimabsher@sustech.edu
1000265,ابوبكر عوض صديق,Abubakr Awad Sedeag Mohamed ,كلية الدراسات الزراعية,دكتوراة,استاذ مساعد,abubakr.Sedeag@sustech.edu 
1000278,الطاف محمد أحمد,Eltaf Mohamed Ahmed Ali ,كلية الدراسات الزراعية,دكتوراة,استاذ مساعد,eltafmohamed@sustech.edu
1000290,فاطمة محمد عزالدين,Fatima Mohamed Ezeldin,كلية الدراسات الزراعية,دكتوراة,استاذ مساعد,fatimaezeldin@sustech.edu
1000297,رجاء محمد البشير,Ragaa Mohammed Elbashier Alhada,كلية الدراسات الزراعية,دكتوراة,استاذ مساعد,ragaamohammed@sustech.edu
1000300,سعاد ابراهيم العبيد,Suad Ibrahim Elobied Abdelallah,كلية الدراسات الزراعية,دكتوراة,استاذ مساعد,suadibrahim@sustech.edu
1000311,الطيب ابراهيم على,Altayeb Ibrahim Ali ,كلية الدراسات الزراعية,دكتوراة,استاذ مساعد,altayeb.ali@sustech.edu
1000326,كواكب محمد الحاج,Kwakib Mohamed Elhaj Elnor,كلية الدراسات الزراعية,دكتوراة,استاذ مساعد,kwakibmohamed@sustech.edu
1000336,عائشة ابراهيم على,Aisha Ibrahim Ali Mohamed,كلية الدراسات الزراعية,دكتوراة,استاذ مساعد,aishaibrahim@sustech.edu
1000506,ابراهيم الفائق النور,Ebrahim AlfaigAlnorAlfaig,كلية الدراسات الزراعية,دكتوراة,استاذ مساعد,ebrahimalfaig@sustech.edu
1001017,خالد عثمان المساعد,Khalid Osman Masad Elnoor,كلية الدراسات الزراعية,دكتوراة,استاذ مساعد,khalidosman@sustech.edu
1001302,جعفر على فرح,Gafar Ali Farah Hamadtou,كلية الدراسات الزراعية,دكتوراة,استاذ مساعد,gafarhamdto@sustech.edu
1001397,انتصار يوسف محمد البشير,Intisar Yousif Mohamed Elbashier,كلية الدراسات الزراعية,دكتوراة,استاذ مساعد,intisaryousif@sustech.edu
1001399,تهانى محمود امين,Tahani Mahmoud Amin Fahmi,كلية الدراسات الزراعية,دكتوراة,استاذ مساعد,tahanifahmi@sustech.edu
1001689,شادية الامين عباس أحمد,Shadia Elamin Abbas,كلية الدراسات الزراعية,دكتوراة,استاذ مساعد,shadiaelamin@sustech.edu
1001691,اجلال صديق الخضر عبدالله, Eglal Siddeg Alkhider Abdallah ,كلية الدراسات الزراعية,دكتوراة,استاذ مساعد,eglal.siddeg@sustech.edu
1001692,السمؤال محمد ميرغنى عثمان, Alsamowal Mohamed Mirghani Osman,كلية الدراسات الزراعية,دكتوراة,استاذ مساعد,alsamowal@sustech.edu
1001693,محمد الزبير حسان الزبير, Mohammed Alziber Hassan Alziber,كلية الدراسات الزراعية,دكتوراة,استاذ مساعد,mohammedalziber@sustech.edu 
1001698,انتصار على محمد خالد,Intisar Ali Mohammed,كلية الدراسات الزراعية,دكتوراة,استاذ مساعد,intisar@sustech.edu
1005155,قمر الدولة حسين دفع الله عجبنا,GamarAldawlah Hussein,كلية الدراسات الزراعية,دكتوراة,استاذ مساعد,gamar.aldawlah@sustech.edu 
1005618,ناهد عبدالفتاح محمد خليل, Nahid Abdalfattah Mohammed Khalil,كلية الدراسات الزراعية,دكتوراة,استاذ مساعد,nahid.khalil@sustech.edu
1005685,سليمان الماهل سليمان,Suliman Elmahil Suliman Saad,كلية الدراسات الزراعية,دكتوراة,استاذ مساعد,suliman@sustech.edu 
1009860,ياسر دفع الله عمرين,Yassir Dafalla  Omarain,كلية الدراسات الزراعية,دكتوراة,استاذ مساعد,yassir.dafalla@sustech.edu
1000026,غادة عابدون على فضل,Ghada Abdoon Ali ,كلية الدراسات الزراعية,ماجستير,محاضر,ghadaabdoon@sustech.edu
1000259,يس عبدالرحمن مكاوي,Yasin Abdelrahman Makawy,كلية الدراسات الزراعية,ماجستير,محاضر,yasinmakawy@sustech.edu
1000262,سيف الدين سليمان ابراهيم,Saif Eldinn Suliman Ibrahim Mohamed ,كلية الدراسات الزراعية,ماجستير,محاضر,saifsuliman@sustech.edu
1000273,عمر احمد حسن,Omer Ahmed Hasan Elsheikh,كلية الدراسات الزراعية,ماجستير,محاضر,omerahmed@sustech.edu
1001301,رشا قاسم قدورة,Rasha Gasim Gadoura Mohammed ,كلية الدراسات الزراعية,ماجستير,محاضر,rashagasim@sustech.edu
1001576,اسمهان الحاج محمد,Asmhan Elhaj Mohamed,كلية الدراسات الزراعية,ماجستير,محاضر,asmhan@sustech.edu
1005591,يسرى فيصل الشيخ بابكر,Yousra Faisal Elshaikh Babiker,كلية الدراسات الزراعية,ماجستير,محاضر,Yousra@sustech.edu   
1005678,ايهاب حاتم جاد الرب الطاهر,EIHAB Hatem Jad Elrab Altaher,كلية الدراسات الزراعية,ماجستير,محاضر,eihab@sustech.edu
1005687,رندة عبدالمنعم ابراهيم سليمان,Randa Abdalmoneim Ibrahim,كلية الدراسات الزراعية,ماجستير,محاضر,randa@sustech.edu 
1009692,يوسف جعفر البشير,Yousif Jaffar Albashir Osman,كلية الدراسات الزراعية,ماجستير,محاضر,yousif.osman@sustech.edu 
1009750,امل احمد محمد اخو ادريس,Amel Ahmed Mohammed Akhu,كلية الدراسات الزراعية,ماجستير,محاضر,amel.ahmed@sustech.edu
1009751,مازن احمد عبدالرؤوف كرم الله,Mazen Ahmed Abdalrouf,كلية الدراسات الزراعية,ماجستير,محاضر,mazen.ahmed@sustech.edu
1009752,محمد اسماعيل حمدان,Mohammed Isameil Hamdan,كلية الدراسات الزراعية,ماجستير,محاضر,mohammed.isameil@sustech.edu
1009753,نون مصطفى كمال على,Noon Mustafa Kamal Ali,كلية الدراسات الزراعية,ماجستير,محاضر,noon.mustafa@sustech.edu
1009960,محمد بكرى محمد احمد,Mohamed Bakrey Mohamed Ahmed Abdalla,كلية الدراسات الزراعية,ماجستير,محاضر,mohamed.bakrey@sustech.edu
1010002,محمد مصطفى عبدالمطلب البشير,Mohammed Mustafa Abdalmutalib,كلية الدراسات الزراعية,ماجستير,محاضر,mohammed.mustafa@sustech.edu
1010027,ايمان محمد عبدالرحمن عبدالله,Eiman Mohammed Abdalrahman,كلية الدراسات الزراعية,ماجستير,محاضر,eiman.mohammed@sustech.edu
1010047,بدور عبدالرحيم الحبر محمد,Bedore Abdelrahim Elhebir Mahmoud,كلية الدراسات الزراعية,ماجستير,محاضر,bedore@sustech.edu
1009747,بشير يوسف موسى,Bashir Yousif Mussa Gadelsaid,كلية الدراسات الزراعية,بكالوريوس,مساعد تدريس ج,bashir.yousif@sustech.edu 
1009748,سلوى حسين محمد حمد,Salwa Hussin Mohamed Hamed,كلية الدراسات الزراعية,بكالوريوس,مساعد تدريس ج,salwa.Hussin@sustech.edu 
1009892,محمد الحبيب الريح عبدالقادر,Mohammedalhabib Alraih Abdelgader Mohammed,كلية الدراسات الزراعية,بكالوريوس,مساعد تدريس ج,mohammedalhabib@sustech.edu
1009893,نفيسة ابراهيم محمد حسن,Nafisa Ibrahim Mohammed Hassan,كلية الدراسات الزراعية,بكالوريوس,مساعد تدريس ج,nafisa.brahim@sustech.edu
1009894,عبدالله على بشري عبدالله,Abdallah Ali Bushra Abdallah,كلية الدراسات الزراعية,بكالوريوس,مساعد تدريس ج,abdallah.ali@sustech.edu
1009895,صافيناز عبدالفتاح حسين محمد,Safinaz Abdalfattah Hussein Mohammed,كلية الدراسات الزراعية,بكالوريوس,مساعد تدريس ج,safinaz@sustech.edu
1009896,حرم محمد ابراهيم كرار,Haram Mohammed Ibrahim Karar,كلية الدراسات الزراعية,بكالوريوس,مساعد تدريس ج,haram@sustech.edu
1009897,ابرار عبدون عوض عبدالله,Abrar Abdoun Awad Abdulla,كلية الدراسات الزراعية,بكالوريوس,مساعد تدريس ج,abrar.abdoun@sustech.edu
1009919,رحمة عبدالعزيز احمد محمد زين,Rahma Abdalaziz Ahmed,كلية الدراسات الزراعية,بكالوريوس,مساعد تدريس ج,rahma@sustech.edu
1010001,محمد ابراهيم محمد الهادى,Mohammed Ibrahim Mohamed,كلية الدراسات الزراعية,بكالوريوس,مساعد تدريس ج,mohammed.ibrahim@sustech.edu
1010028,منى مصطفى سعيد عثمان,Mona Mustafa Saeed Osman,كلية الدراسات الزراعية,بكالوريوس,مساعد تدريس ج,mona.mustafa@sustech.edu
1000339,محمد حسن محمد أحمد العاقب,Mohamed Hassan Mohamed Ahmed Elaagip,كلية الدراسات الزراعية,,محاضر أول,mohamedelaagip@sustech.edu